Id,Ten,Dia chi,Loai,So dien thoai,Hinh anh,Link Anh Goc,Gioi thieu,Website,Lat,Lng,Tu khoa goc,,,
1913d55b,Bệnh viện Chợ Rẫy,"201B Nguyễn Chí Thanh, Phường 12, Quận 5, Thành phố Hồ Chí Minh 700000, Việt Nam","['Bệnh viện đa khoa', 'Bệnh viện chính phủ']",+84 28 3855 4137,downloaded_images\ad4eaa3cce1c21711e7c87784e1df050.jpg,https://lh3.googleusercontent.com/gps-cs-s/AG0ilSzZjaNo2p3PbgQZF8cfKDAtLkP5Fu0yA_aPtHsCMofhGDWuwswBTSLY1-E85Jfi6VDsoeXrgnyOd8GXOA-FmSApZ7rCP9m-WyQiChaxbPPn-tbn_iUsYIgVyju4JDsPSa9nzkOy=w1080-h1080-no,Không có,/url?q=http://www.choray.vn/&opi=79508299&sa=U&ved=0ahUKEwjP-pP7ts6RAxUKhIkEHbDJCWEQ61gIFygS&usg=AOvVaw2ElBgGgGYTA0olEtIS5NBI,10.7578646,106.6595131,Bệnh viện Chợ Rẫy,,r,
004c710a,Bệnh viện Nhân Dân 115,"527 Sư Vạn Hạnh, Phường 12, Quận 10, Thành phố Hồ Chí Minh, Việt Nam",Bệnh viện đa khoa,+84 28 3865 4139,downloaded_images\c9f390706d9a8d3b80cba37829c50fb6.jpg,https://lh3.googleusercontent.com/gps-cs-s/AG0ilSytrAYW9o8PHTKjmdieDnECgp9v3AUSckoySAo_UDLmgi4TuqEQKIgSYDWPc4DNzKjDbCMonF1aUf1-fTVB5ujq6U3cCh9tnuvaWdRKZnWM0ghURuJZKMs1atU4Sm5aDRl0vkJeCkDUTJ6K=w1080-h1080-no,Không có,https://benhvien115.com.vn/,10.773980199999999,106.6660284,Bệnh viện Nhân dân 115,,giá bộ y tế,
a0bb1f29,Bệnh viện Nhân dân Gia Định,"1 Nơ Trang Long, Phường 7, Bình Thạnh, Thành phố Hồ Chí Minh, Việt Nam","['Bệnh viện', 'Bác sĩ', 'Phòng khám']",+84 28 3841 2692,downloaded_images\1e4ff9a0d34d6a13755e7edf5945cfda.jpg,https://lh3.googleusercontent.com/p/AF1QipOtZhHK4PKv3qy5FX5Q4N5GkeeZu1IZGzjBgRuN=w1080-h1080-no,Không có,http://bvndgiadinh.org.vn/,10.803747099999999,106.69413879999999,Bệnh viện Nhân dân Gia Định,,r,
052fc7e2,Bệnh viện Đại học Y Dược TP.HCM,"Cơ sở 1, 215 Đ. Hồng Bàng, Phường 11, Quận 5, Thành phố Hồ Chí Minh 700000, Việt Nam",Bệnh viện đại học,+84 28 3855 4269,downloaded_images\2c2c0d50f142a1b331874882c227cd59.jpg,https://lh3.googleusercontent.com/p/AF1QipPa70xZ4xzUuuk3e0K3nOgs0iTVX_0-XeRbBNG8=w1080-h1080-no,Không có,/url?q=https://www.bvdaihoc.com.vn/&opi=79508299&sa=U&ved=0ahUKEwieyP3duM6RAxWRI0QIHUgwEJ4Q61gIHigR&usg=AOvVaw3t1wfkkupqhw4dcRslrc-v,10.7553783,106.6644592,Bệnh viện Đại học Y Dược TP.HCM Cơ sở 1,,r,
bb44c167,Bệnh Viện Đại Học Y Dược - Cơ Sở 2,"201 Nguyễn Chí Thanh, Phường 12, Quận 5, Thành phố Hồ Chí Minh, Việt Nam","['Bệnh viện đại học', 'Bệnh viện phụ sản', 'Bệnh viện đa khoa']",+84 28 3955 5548,downloaded_images\cc736c288810d65c79f4565731e3e097.jpg,https://lh3.googleusercontent.com/gps-cs-s/AG0ilSws6DrnLi5dOg5ejcANMLPvQbfQ9mig5Q-lumLWh-r5z9ecw-44HbUFd1M9Jl0AtMdSR7PmW5NvzvN6kSLakSpFT-kaHBkN9uhDT7bmJ9apFvja9T84-_N1fU5dDfu4SiDMCSAZ=w1080-h1080-no,Không có,http://bvdaihoccoso2.com.vn/,10.758172199999999,106.6612578,Bệnh viện Đại học Y Dược TP.HCM Cơ sở 2,,r,r
6a267730,Cơ sở 3 - Bệnh viện Đại học Y Dược TPHCM,"221B Đ. Hoàng Văn Thụ, Phường 8, Phú Nhuận, Thành phố Hồ Chí Minh 700000, Việt Nam",['Bệnh viện'],+84 28 3844 4771,downloaded_images\71765e059db7e903a6e59c1a6723d1da.jpg,https://lh3.googleusercontent.com/p/AF1QipN4ZgIueWlPgVQ82nXUo937fF5qdItu7G_rxQKp=w1080-h1080-no,Không có,http://bvdaihoccoso3.com.vn/,10.799703899999999,106.6708297,Bệnh viện Đại học Y Dược TP.HCM Cơ sở 3,k,,
1d20652a,Bệnh viện Từ Dũ,"284 Cống Quỳnh, Phường Phạm Ngũ Lão, Quận 1, Thành phố Hồ Chí Minh 700000, Việt Nam",Nhà hộ sinh,+84 28 3952 6568,downloaded_images\691df934c796e191de2f13de04a92d20.jpg,https://lh3.googleusercontent.com/gps-cs-s/AG0ilSx2PTsSzhEpRhXlkcrPuI6vM7l-3FYqU0TlwXfcx7WNZyvLtzsk6HyJkjzfgNZLptjWl044Ci1TB4E77-MoAgGSmku4fItaUdVrAQDDrjFxHMINr__hwDSICn9vsfPVeeeubowsfA=w1080-h1080-no,Không có,http://tudu.com.vn/,10.768483699999999,106.6853651,Bệnh viện Từ Dũ Cổng Cống Quỳnh,r,,
e1a6c5b2,Bệnh Viện Từ Dũ - Khu N,"191 Nguyễn Thị Minh Khai, Phường Phạm Ngũ Lão, Quận 1, Thành phố Hồ Chí Minh 700000, Việt Nam",Khoa của bệnh viện,+84 28 5404 2829,downloaded_images\544db6b3a431975257ae0fd46c56e349.jpg,https://lh3.googleusercontent.com/gps-cs-s/AG0ilSydQTj3n__XvcCGnotKa7JEdo0X4MRRF9ipkY_P56yfgQOo3NzWLcmBQG4gG-oGKBwWWQhB5IbxHQqPSqJRHcnBU0hY8v5fDjqotC0lMoRibxPsn84O8GfARhLdaoUTlHS86uWX=w1080-h1080-no,Không có,http://tudu.com.vn/,10.7694359,106.6860729,Bệnh viện Từ Dũ Cổng Nguyễn Thị Minh Khai,r,,
04ff4b2d,Bệnh viện Hùng Vương,"9 Đ. Lý Thường Kiệt, Phường 12, Quận 5, Thành phố Hồ Chí Minh, Việt Nam",Bệnh viện chuyên khoa,+84 28 3855 8532,downloaded_images\96719ff286f710383716e5f2bab455ec.jpg,https://lh3.googleusercontent.com/gps-cs-s/AG0ilSwTQQe-D_TgxWO7X4r67gqvbN2L-am3atMWTu5gBbfSIGQBXENHRj3nijR6fbCAgOuQXdhRyHIGaBozwDzXJmRkihq7j4npuzbCdlPb8c8sfu_Ahe1RxTwBH5ddYM0We0VRr0RoXg=w1080-h1080-no,Không có,http://www.bvhungvuong.vn/,10.7565723,106.66182739999999,Bệnh viện Hùng Vương,r,,
da8130dd,Bệnh viện Nhi đồng 1,"341 Sư Vạn Hạnh, Phường 10, Quận 10, Thành phố Hồ Chí Minh 70000, Việt Nam",['Bệnh viện nhi'],+84 28 3927 1119,downloaded_images\98d3642d413d2284ae973a1fa3f4ee16.jpg,https://lh3.googleusercontent.com/p/AF1QipOCrPIFFfXc6bxbWIIUfUTaJq3F4BkkOHG9-xHJ=w1080-h1080-no,Không có,http://nhidong.org.vn/,10.769126199999999,106.6710121,Bệnh viện Nhi Đồng 1,r,,
139e46b3,Bệnh viện Nhi Đồng 2,"14 Lý Tự Trọng, Bến Nghé, Quận 1, Thành phố Hồ Chí Minh, Việt Nam","['Bệnh viện nhi', 'Bác sĩ']",+84 28 3829 5723,downloaded_images\0a1e58e37d5a1ec35a4bb4351e8efcb0.jpg,https://lh3.googleusercontent.com/gps-cs-s/AG0ilSys0sANJbCVkzFxoXLoWguhnL5uS_Xj1Pf0gqABg1okONUGlwrnlD0zNvmaTqaLHBAqSAH-p1_hFUIKVZ6g3Tc2dirKngKEiromWsL1_-jnF0pyM1klDkk_oTPo2sgj4AHCqrac=w1080-h1080-no,Không có,/url?q=http://www.benhviennhi.org.vn/&opi=79508299&sa=U&ved=0ahUKEwjhkIGLt86RAxX2mokEHfTRLlAQ61gIFygS&usg=AOvVaw13P2danlunBsYC7GsxtmF-,10.780517399999999,106.70323669999999,Bệnh viện Nhi Đồng 2,r,,
105a9b4b,Bệnh viện Nhi Đồng Thành Phố,"15 Đ. Võ Trần Chí, Tân Kiên, Bình Chánh, Thành phố Hồ Chí Minh, Việt Nam",['Bệnh viện nhi'],+84 28 2253 6688,downloaded_images\08ea721f0f324208bca583b0ecfebc50.jpg,https://lh3.googleusercontent.com/p/AF1QipPYGyiQHoJAkWRPrNv8apRDhd4ckqUSiJohpF69=w1080-h1080-no,Không có,http://bvndtp.org.vn/,10.7096251,106.5738758,Bệnh viện Nhi Đồng Thành Phố,r,,
5854f135,Bệnh viện Ung bướu TP. HCM,"47 Nguyễn Huy Lượng, Phường 14, Bình Thạnh, Thành phố Hồ Chí Minh, Việt Nam",Trung tâm điều trị ung thư,+84 28 3843 3022,downloaded_images\5a83067943a7b2b8b04d7b8b4bfefa7a.jpg,https://lh3.googleusercontent.com/gps-cs-s/AG0ilSxZGZsu0Fk6j8VPBiTIxoIN1T5pdce70H8LHdq2Aqnnqbx53usQSs2Q21UtJO9I5z4iIvy9oHDNErjZanuixWOzThWoDeguXnHszpqVoTaoH7urg2vARC6gzom1lOD90vFDJdKlJw=w1080-h1080-no,Không có,https://benhvienungbuou.vn/,10.8049868,106.6943584,Bệnh viện Ung Bướu TP.HCM Cơ sở 1,r,,
9c6b29c1,Cơ sở 2 Bệnh viện Ung Bướu TP. Hồ Chí Minh,"12 Đ. Số 400, Khu phố 3, Thủ Đức, Thành phố Hồ Chí Minh, Việt Nam","['Bệnh viện chuyên khoa', 'Trung tâm điều trị ung thư']",+84 28 3841 2637,downloaded_images\60c87356ae9e7c8a70a7e207c4e2cc9e.jpg,https://lh3.googleusercontent.com/gps-cs-s/AG0ilSyw5QFSt6BBR5VQKPO4cKVDsicO_zRwkc9MsB3AwXNGdfTpR7Xhm_qfGKCnCT4sHS57vNUw-FRP6DJs2zQvssG_cRRudVCdh5IjeSTIqVJj8Ygq9lt323iIREqDo5XnMcOHr72G=w1080-h1080-no,Không có,http://benhvienungbuou.vn/,10.8703629,106.8093938,Bệnh viện Ung Bướu TP.HCM Cơ sở 2,r,,
cffca54d,Bệnh viện Bình Dân,"371 Điện Biên Phủ, Phường 4, Quận 3, Thành phố Hồ Chí Minh 700000, Việt Nam",Bệnh viện,+84 28 3839 4747,downloaded_images\52b2e50062291589dd597f932330dd15.jpg,https://lh3.googleusercontent.com/gps-cs-s/AG0ilSxhCp_1wlLzsdHT0nTE5--ly6wRJxhxCajcfiC0So5Sgo-Gt701vUYO4LeFBSx8J2-rGYGNehOtEsD8L6WM5XnTP5jVPS4YR2iaVV5-_xSZZydylxZEQriI3ptq1Wol9np_Ixkt=w1080-h1080-no,Không có,http://www.bvbinhdan.com.vn/,10.774024599999999,106.6812751,Bệnh viện Bình Dân Trụ sở chính,r,,
7e2c9bc9,Bệnh viện Bình Dân - Khu điều trị Kỹ thuật cao,"Điện Biên Phủ/326 - 328 Phường Vườn Lài, Phường 3, Quận 10, Thành phố Hồ Chí Minh, Việt Nam","['Bệnh viện chuyên khoa', 'Bệnh viện']",+84 799 325 371,downloaded_images\995b6c01233ffd11d48fb3ce0e3228a9.jpg,https://lh3.googleusercontent.com/p/AF1QipMqcGZtLWm9yoKW8I5UCVXrqmLnCG64U-V_Oqc=w1080-h1080-no,Không có,http://bvbinhdan.com.vn/,10.7750738,106.681394,Bệnh viện Bình Dân Khu kỹ thuật cao,r,,
c2a6ac59,Bệnh Viện Tai Mũi Họng Tp. HCM,"153 - 155 - 157 Trần Quốc Thảo, Phường 9, Quận 3, Thành phố Hồ Chí Minh, Việt Nam","['Bệnh viện chuyên khoa', 'Bệnh viện']",+84 28 3931 7381,downloaded_images\c26c40ef3af76662a5583ef15415fe50.jpg,https://lh3.googleusercontent.com/gps-cs-s/AG0ilSyJt34l8Svc1OaUMunR70E-kKDnujBCnlmVnGqDSCqVDY6IBHiWE6sMgBvK4_TjLHIpGGbQUs4aZpyXGNiOxClDbskCYTT45l_i15fvh2mRIZO9zEC3Wdeaj45Zdx9runJ6BqAXFA=w1080-h1080-no,Không có,http://taimuihongtphcm.vn/,10.7842921,106.6840656,Bệnh viện Tai Mũi Họng TP.HCM,r,,
368085e6,Bệnh viện Mắt TPHCM,"280 Điện Biên Phủ, Phường Võ Thị Sáu, Quận 3, Thành phố Hồ Chí Minh, Việt Nam","['Bệnh viện chuyên khoa', 'Bệnh viện']",+84 28 3932 5364,downloaded_images\aaee2116cfb8148857451d2db76ced81.jpg,https://lh3.googleusercontent.com/p/AF1QipPByK6REpoQMt299WSvSjRF9iCP2vwd4oAV_pvq=w1080-h1080-no,Không có,/url?q=http://www.benhvienmat.com/&opi=79508299&sa=U&ved=0ahUKEwixso2Ut86RAxW7DkQIHSl9CGsQ61gIFygS&usg=AOvVaw31n5rD4biUcVEEUXdKUTMH,10.778585,106.6849517,Bệnh viện Mắt TP.HCM,r,,
87e15752,Bệnh viện Da Liễu TP.HCM,"2 Nguyễn Thông, Phường 6, Quận 3, Thành phố Hồ Chí Minh 700000, Việt Nam","['Bệnh viện chuyên khoa', 'Bác sĩ', 'Bệnh viện']",+84 28 3930 1396,downloaded_images\d549ca0469b0f35a8c9e0208b576e99a.jpg,https://lh3.googleusercontent.com/gps-cs-s/AG0ilSx1W5PSsM-GKlsC3ekBzNef0WEK6g0OZuZv6a9D60SWGsFSDpNci9NK0IJWxhWlvuTHO7EEKgKAhKtmxwfMgYyQSSdN5o972mPobuyRAfrSl7y8UaC8esyAGmemyWVyhGtr93VN=w1080-h1080-no,Không có,https://bvdl.org.vn/,10.776407299999999,106.6865735,Bệnh viện Da Liễu TP.HCM,r,,
9658e4f2,Bệnh viện Truyền máu Huyết học - Cơ sở 2,"Số 01 Trần Hữu Nghiệp, Tân Kiên, Bình Chánh, Thành phố Hồ Chí Minh, Việt Nam",Bệnh viện chuyên khoa,+84 28 3834 5555,downloaded_images\032d4e0971c04f45c7dde04647b51646.jpg,https://lh3.googleusercontent.com/gps-cs-s/AG0ilSw53z27bc_eUWa-xff7ANEdQdcl9sGiq4GJg0l32ID25bQSeHvFGlO9hhDHuWaLpt_SgMOsQdjw3s6Ps6fmNp5hiZWqWmhIs0OIs6iUw9NPRzv8wzXeOTcBxUh67U6EuegWCMZI=w1080-h1080-no,Không có,https://bth.org.vn/,10.709863499999999,106.57601989999999,Bệnh viện Truyền máu Huyết học Cơ sở 1,r,,
1b98be48,Bệnh viện Truyền máu - Huyết học Tp. Hồ Chí Minh,"118 Đ. Hồng Bàng, Phường 12, Quận 5, Thành phố Hồ Chí Minh, Việt Nam",Bệnh viện,+84 28 3957 1342,downloaded_images\5a8442b0027d713d5d34893a29d9ab20.jpg,https://lh3.googleusercontent.com/gps-cs-s/AG0ilSxh6UqP2FX9_-aULphxx4fjbsx3fwJ38G3827O1g6j7TqEZOOqAyyXfg3k2uLPIFgb6hPq8gSmBJdUUp_yoFCe88BwLzA1Wkdo-8yEOJxxjEKATVkHxCLtFukLLJIhqgXlM5nFB=w1080-h1080-no,Không có,Không có,10.756407,106.66588159999999,Bệnh viện Truyền máu Huyết học - Ngân hàng máu,r,,
2cf135e6,Bệnh viện Phạm Ngọc Thạch,"120 Đ. Hồng Bàng, Phường 12, Quận 5, Thành phố Hồ Chí Minh, Việt Nam",['Bệnh viện'],+84 28 3855 0207,downloaded_images\9e9314dc3dd998080c04cb6d5aea9471.jpg,https://lh3.googleusercontent.com/gps-cs-s/AG0ilSwqzXx4AnptqpQdPEUFXOoIA4_8G9DVPyUAMty42nfOmsCS68N4ZnGdPfjWrlF4vX0nq-O5lecWnGSj-YGNSRgwnpROprW8HdgiMkgjkJ2dm3FNIc9RacriYH8hX3weXROyliY=w1080-h1080-no,Không có,http://bvpnt.org.vn/,10.7570129,106.66597039999999,Bệnh viện Phạm Ngọc Thạch,r,,
66886ee2,Bệnh viện Bệnh Nhiệt đới,"764 Võ Văn Kiệt, Phường 1, Quận 5, Thành phố Hồ Chí Minh 700000, Việt Nam",Bệnh viện chuyên khoa,+84 28 3923 5804,downloaded_images\071252c7c44712317a4005d0a7ecf2cd.jpg,https://lh3.googleusercontent.com/p/AF1QipO93qtYx3dcyhD8Op3zqt6VQTAkB66pMk728vvR=w1080-h1080-no,Không có,http://www.bvbnd.vn/,10.752660599999999,106.67891639999999,Bệnh viện Bệnh Nhiệt đới,r,,
a634a116,Bệnh viện Tâm Thần Thành phố Hồ Chí Minh,"766 Võ Văn Kiệt, Phường 1, Quận 5, Thành phố Hồ Chí Minh, Việt Nam","['Bệnh viện tâm thần', 'Bệnh viện']",+84 28 3923 4675,downloaded_images\6feb18a9074991fd44932f2b93c672de.jpg,https://lh3.googleusercontent.com/gps-cs-s/AG0ilSwfG9I4iNFO2wsHqcG9cYMQuf8Rhda8t8jBndje4fUDui439uifpEI2C0M824Kxrso4g_VFz252OaTzB9lPRVEcZpl_Dqwujb8ulyk5mUo4gq9kf7HGD_UOzUoywVIOvV6yNtaq7w=w1080-h1080-no,Không có,https://bvtt-tphcm.org.vn/,10.752481699999999,106.6783073,Bệnh viện Tâm thần TP.HCM Cơ sở Võ Văn Kiệt,r,,
c03ea2c2,Bệnh Viện Tâm Thần Lê Minh Xuân,"Ấp 6 Xã Lê Minh Xuân, Lê Minh Xuân, Thành Phố Hồ Chí Minh, Thành phố Hồ Chí Minh, Việt Nam",['Bệnh viện đa khoa'],+84 28 3766 0313,downloaded_images\d964fc2cbc56a56d1a331a1126331d57.jpg,https://lh3.googleusercontent.com/gps-cs-s/AG0ilSxJAZoWDq7g2Wv-k6DP-7U0er6lFWDcEBLu54CEq7OrTofH7AGSYoT8PMhPdaG4fJ1uO6SqC8HP4VEiuJN70mqCPLBGVN6kZoLDXQ9QTd1_gmcUA7CShFHwpmCESJWgtRxuPyqP=w1080-h1080-no,Không có,Không có,10.7698568,106.54543,Bệnh viện Tâm thần TP.HCM Cơ sở Lê Minh Xuân,r,,
ab0f99b6,Bệnh viện Trưng Vương,"266 Đ. Lý Thường Kiệt, Phường Diên Hồng, Quận 10, Thành phố Hồ Chí Minh 700000, Việt Nam",['Bệnh viện đa khoa'],+84 28 3865 6744,downloaded_images\753b4fca8d7868c0016d308e0c051fc8.jpg,https://lh3.googleusercontent.com/gps-cs-s/AG0ilSyz-PNwRxgAww2FhKymXLQk5LeIEYIqte-1EwLK4FfNqZI3lFFeBQVmN13mHrl2z6K7Qsh0A_lw4WaugBHvlqv-rP0vhYZBnWL6UKQ8R2X63GV73ghEAMYStrcDnPyoQvTRBqCr3Q=w1080-h1080-no,Không có,http://bvtrungvuong.vn/,10.770505499999999,106.6594484,Bệnh viện Trưng Vương,r,,
78858303,Bệnh viện Nguyễn Tri Phương,"468 Nguyễn Trãi, Phường 7, Quận 5, Thành phố Hồ Chí Minh 70000, Việt Nam",['Bệnh viện'],+84 28 3923 4332,downloaded_images\db877b13175d37964424f7c42f08aa93.jpg,https://lh3.googleusercontent.com/p/AF1QipMHxmrak3LItojn3l2rtzq9LKno6Pt5By0-xb8f=w1080-h1080-no,Không có,https://bvnguyentriphuong.com.vn/,10.7550025,106.6705345,Bệnh viện Nguyễn Tri Phương,r,,
ea966db6,Bệnh viện An Bình,"146 Đ. An Bình, Phường An Đông, Quận 5, Thành phố Hồ Chí Minh, Việt Nam",['Bệnh viện đa khoa'],+84 28 3923 4359,downloaded_images\f872e38e707a46ca36d90005a4384462.jpg,https://lh3.googleusercontent.com/gps-cs-s/AG0ilSw_0v-_U4kZqex79zyCFC6wStxCY51fZtUco7sFFDIS7sKBRlEjtiIgAF4uZnJQqRLEspp7lz90QGMATqCnq64QBYQweHkB5cUZ61B0irpzVHUkx4K4X4-tL8JNz05AdHD4xXZ9bg=w1080-h1080-no,Không có,http://www.benhvienanbinh.vn/,10.7542613,106.6715847,Bệnh viện An Bình,r,,
528af556,BỆNH VIỆN NGUYỄN TRÃI,"314 Nguyễn Trãi, Phường 8, Quận 5, Thành phố Hồ Chí Minh, Việt Nam",['Bệnh viện'],Không có,downloaded_images\e0abae54484db5a0a64d0316f536104d.jpg,https://lh3.googleusercontent.com/gps-cs-s/AG0ilSyPlO7v7GRJOBFf18Jg7_EmjSRDIkYqYnnd6G4HmRUUAIKeUP52tUSxF7PG_SImHkwTPOSzZ4JPwCQ_V7o9BODXrD4o6_ygfWa-Erbq9xLjtsZYgnMZoDKSKGHmmmK8Zxuc1iRK=w1080-h1080-no,Không có,https://bvnguyentrai.org.vn/,10.756156299999999,106.6749535,Bệnh viện Nguyễn Trãi,r,,
011372f0,Bệnh viện Chấn Thương Chỉnh Hình,"929 Trần Hưng Đạo, Phường 1, Quận 5, Thành phố Hồ Chí Minh, Việt Nam",['Bệnh viện chuyên khoa'],+84 28 3923 7007,downloaded_images\3ccdf01921c6b0a748a4932a64bb1bb5.jpg,https://lh3.googleusercontent.com/gps-cs-s/AG0ilSz5HxEshWLPLPEX-oZhJWklrbfhby_ow6EBF0C_jyj87V0E-m19m_TI8gh7xNLk2fpNoiItIl7YhVPZuVFKmP6ikzhI-ieUOAHkncgSwtLrxq_1vu3xYmuFGGL_G1JGNTxXXUMCDg=w1080-h1080-no,Không có,http://www.bvctch.vn/,10.7541909,106.67818749999999,Bệnh viện Chấn thương Chỉnh hình,r,,
d6d1a0d0,Bệnh viện Răng Hàm Mặt TP. HCM,"263 - 265 Trần Hưng Đạo, Phường Cô Giang, Quận 1, Thành phố Hồ Chí Minh, Việt Nam",Bệnh viện chuyên khoa,+84 1900 636227,downloaded_images\f1c301d64591f7818ab65f2d094d1f4c.jpg,https://lh3.googleusercontent.com/p/AF1QipM6SaJ5JTb9DLNNXgdDnJZfKd07ZtOJrq2egd_R=w1080-h1080-no,Không có,https://bvranghammat.com/,10.7635458,106.69199289999999,Bệnh viện Răng Hàm Mặt TP.HCM,r,,
be2ee6a2,Bệnh viện Y Học Cổ Truyền TP.HCM,"179-187 Nam Kỳ Khởi Nghĩa, Phường Võ Thị Sáu, Quận 3, Thành phố Hồ Chí Minh, Việt Nam",['Bệnh viện'],+84 28 3932 6579,downloaded_images\25ed24a3782ff7f6f99a6a2893aa4e4d.jpg,https://lh3.googleusercontent.com/p/AF1QipMFkzhhxdKIWlOdDq1NYIa6WaXRag9rB9qHVpqx=w1080-h1080-no,Không có,http://yhct.vn/,10.7860658,106.6877392,Bệnh viện Y học Cổ truyền TP.HCM,r,,
519ceacc,Bệnh viện Phục hồi Chức năng - Điều trị Bệnh Nghề nghiệp TP. HCM,"313 Âu Dương Lân, Phường Rạch Ông, Quận 8, Thành phố Hồ Chí Minh, Việt Nam","['Bệnh viện', 'Trung tâm phục hồi chức năng']",+84 28 3856 9147,downloaded_images\5cede70441dcca706149de01789a974b.jpg,https://lh3.googleusercontent.com/gps-cs-s/AG0ilSzoYgjsXvwdemsUP7TdzvJX5amm3jrTpajdRa-IvGnik4C4ACVquKhuq-qTpwYiz9kYHq0IXHrmTKmNUQHIGp87F--tGzDo42groE2A2lFXvLp1bKnqiJ4FTwGQ2JvB_jTdwGg=w1080-h1080-no,Không có,http://bvphuchoichucnanghcm.vn/,10.7412467,106.68615679999999,Bệnh viện Phục hồi chức năng - Điều trị bệnh nghề nghiệp,r,,
2e73b02a,Bệnh viện Thống Nhất,"1 Đ. Lý Thường Kiệt, Phường 7, Tân Bình, Thành phố Hồ Chí Minh 700000, Việt Nam",['Bệnh viện đa khoa'],+84 28 3869 0277,downloaded_images\6f7820161f8fe3146675dec87b0b1150.jpg,https://lh3.googleusercontent.com/p/AF1QipM9-mfEIvBwMUW1Db1YrZsDexsdYLXTVatO7M1V=w1080-h1080-no,Không có,http://bvtn.org.vn/,10.7915151,106.65345389999999,Bệnh viện Thống Nhất,r,,
405783b2,Bệnh viện Quân Y 175,"Nguyễn Kiệm/786 Đ. Hạnh Thông, Phường, Gò Vấp, Thành phố Hồ Chí Minh, Việt Nam",Bệnh viện quân đội,Không có,downloaded_images\9f35bb7c96d1b2f5cb1cb8e3c1d3c47e.jpg,https://lh3.googleusercontent.com/gps-cs-s/AG0ilSw_G4GlM1QDHg4hrLaMbYKtqsqZDeArP6lX4a-5AuShG9BV4JBGRTzPnBUpSXkQvm5KETH7lmrONA1Thk9mYEmb0bgYp2Tr7PT_oKIRvay1m1QSiCnO_wICfzQ-JRLrD9wMTbP1=w1080-h1080-no,Không có,https://benhvien175.vn/,10.8175099,106.6806615,Bệnh viện Quân y 175,r,,
3611078e,Bệnh viện 30-4,"9 Sư Vạn Hạnh, Phường 9, Quận 5, Thành phố Hồ Chí Minh 72712, Việt Nam",['Bệnh viện chính phủ'],Không có,downloaded_images\e6b95f19b0e986852e3198249a468a32.jpg,https://lh3.googleusercontent.com/gps-cs-s/AG0ilSzt6C9epx5n0otWk7hn3BcZJRH7kpN_MnPRAcqgqolpYH3Y4G55GOMU1v6tkRgY1dRRjjDqWZfXN_GUKnGSQi-R6054rFu7S-X30IqXfcmDoHIbpCze_V1e7IISmNULIVCnJkSb=w1080-h1080-no,Không có,http://benhvien304.com.vn/,10.7591033,106.6730315,Bệnh viện 30-4,k,,
0f97318a,Bệnh viện Tân Định - Cơ sở 2,"237 Trần Hưng Đạo, Phường Cô Giang, Quận 1, Thành phố Hồ Chí Minh, Việt Nam",Bệnh viện,+84 28 3920 7527,downloaded_images\187cc1cf5f32d5f1cb4adad247910207.jpg,https://lh3.googleusercontent.com/gps-cs-s/AG0ilSwqdYwffnzFGKFOwh-m2RU22r8GMqMpQas5Z79z72cBQsU22vf_MPslwNr7Gn1IETiJTaxviShtZjRtkkMOnoML5gK_2dDYqzj1by0ZMjOAqSDbBFR4_FPxBVWaS2-hUaZTLIQ=w1080-h1080-no,Không có,http://cs1.bvq1.vn/bvq1/,10.765051,106.693235,Bệnh viện Quận 1,r,,
bf52a5ee,Bệnh viện Lê Văn Thịnh,"130 Lê Văn Thịnh, Phường Bình Trưng Tây, Thủ Đức, Thành phố Hồ Chí Minh, Việt Nam",['Bệnh viện'],Không có,downloaded_images\8c55d91678caa0f58d0ad9693da888dc.jpg,https://lh3.googleusercontent.com/gps-cs-s/AG0ilSxIXfyg_bqqTN_lxty2BNxSmAABRfTkChTlzAp4fZy4zuUH0hntLTq0mrWwEXTHqD48PmzCUKSQd4syV6WC9bfuUcqgW6pU9-DHS0IAC0Bkp7fjt8xQJx0Z_ASyiZBrWRer_fsb=w1080-h1080-no,Không có,https://benhvienlevanthinh.vn/,10.7825712,106.76910439999999,Bệnh viện Lê Văn Thịnh (Bệnh viện Quận 2 cũ),r,,
bc658a31,Bệnh Viện Quận 3,"114 Trần Quốc Thảo, Phường 14, Quận 3, Thành phố Hồ Chí Minh, Việt Nam",['Bệnh viện'],+84 28 3931 0400,downloaded_images\e98e68bbc09e06495993849d9f0e5be8.jpg,https://lh3.googleusercontent.com/gps-cs-s/AG0ilSw7VaruXDD4k6JdPUNEmSOkS3uwZRg8-33-pSCV-wMxWaI5W3F1SwuERiIzA6tGPEUzTVJDzfB9yxCrLv8Phm-ujfc6D1zA2N84imauPiRxhNkBynEGkgefLKtu5kvOALxhYi0M=w1080-h1080-no,Không có,https://bvquan3.medinet.gov.vn/default.aspx,10.7847873,106.6839614,Bệnh viện Quận 3,r,,
6112858a,Bệnh viện Quận 4,"65 Bến Vân Đồn, Phường 12, Quận 4, Thành phố Hồ Chí Minh, Việt Nam","['Bệnh viện', 'Bệnh viện đa khoa']",+84 838 261 568,downloaded_images\b6bb02fd1ccb039c39b9792aea0e62b8.jpg,https://lh3.googleusercontent.com/gps-cs-s/AG0ilSzbMTXVmwjaI65MJH45Fk0YlAoHHzZLCHorXiM6wkhYcFlfm6hWaeUwC6eGZOsgPv1AfF0uE5t2AS5FaxRWVg50ZxspvL8ySGO4Uc51NtBMEAxN1m8SkS2eN6ugHTCxl2qNPHR-=w1080-h1080-no,Không có,http://benhvienquan4.vn/,10.765396899999999,106.7021024,Bệnh viện Quận 4,r,,
3f244999,Bệnh viện Quận 5,"642 A Nguyễn Trãi, Phường 11, Quận 5, Thành phố Hồ Chí Minh 700000, Việt Nam","['Bệnh viện chính phủ', 'Bệnh viện']",+84 28 3855 0235,downloaded_images\f574424bcbf1421afa7f4c7f5a511e6d.jpg,https://lh3.googleusercontent.com/p/AF1QipM4I9emYOP8EM9aTBZi-Fj5JmPAOhA7_PXhJAoN=w1080-h1080-no,Không có,Không có,10.754035199999999,106.66581029999999,Bệnh viện Quận 5,r,,
a8bfa645,Bệnh viện Quận 6,"Đ. Chợ Lớn, Phường 11, Quận 6, Thành phố Hồ Chí Minh, Việt Nam",Bệnh viện,Không có,downloaded_images\49a6d99d595a18138ad8c7fd987b134c.jpg,https://lh3.googleusercontent.com/gps-cs-s/AG0ilSywDRp0iY4ISlCCnHG5ETS8QHs3qd514S9tF4vftrK3FqRI6hJjjhUr0mP8EkzsuFDg59RBh9sfZp4Vek1WDLD6vqP7SG6IMZCya80yPXcHU97ux4WiC1WTV6Tci4NAosRPK7V74Q=w1080-h1080-no,Không có,Không có,10.7465528,106.6345645,Bệnh viện Quận 6,r,,
894274ed,Bệnh viện Quận 7,"101 Đ. Nguyễn Thị Thập, Phường Tân Mỹ, Quận 7, Thành phố Hồ Chí Minh 00700, Việt Nam","['Bệnh viện đa khoa', 'Bệnh viện']",+84 28 3873 3420,downloaded_images\9419c3cb53ce5f2b02faf762cd5c4975.jpg,https://lh3.googleusercontent.com/p/AF1QipMw5Q6AYfU5uZXi5gyAE8vV3NqTLr2nMmtzy3hp=w1080-h1080-no,Không có,http://www.benhvienquan7.com.vn/,10.7373313,106.7241657,Bệnh viện Quận 7,r,,
cd3632f5,Bệnh viện Quận 8,"82 Cao Lỗ, Phường 4, Quận 8, Thành phố Hồ Chí Minh, Việt Nam",['Bệnh viện đa khoa'],+84 28 3850 6130,downloaded_images\68d48885330a707499f86e3ed83539d8.jpg,https://lh3.googleusercontent.com/gps-cs-s/AG0ilSyAL7GjFurqLSWhzOMAC8eeReDChR4bvR9ye-28MUw6UU_98KSW41XQbpevGC3cJ7VuG4mYQJIp_RhULN8N2gH1vkqCONkX---Ewx4VXiEbj7eiYgbBWeQzhIEFrOHe0Q77HEKA=w1080-h1080-no,Không có,http://bvquan8.medinet.gov.vn/Defaultmobile.aspx#,10.7416667,106.67638889999999,Bệnh viện Quận 8,r,,
0404c735,Bệnh viện Đa khoa Lê Văn Việt,"387 Đ. Lê Văn Việt, Tăng Nhơn Phú A, Thủ Đức, Thành phố Hồ Chí Minh 715143, Việt Nam","['Bệnh viện đa khoa', 'Bác sĩ', 'Bệnh viện']",+84 28 3897 3628,downloaded_images\baffada21ce15415f05e7ce7d66d6ac5.jpg,https://lh3.googleusercontent.com/p/AF1QipPSr579W0W7Rve_5zEUUIiMtJJgo8oqjqAatdDj=w1080-h1080-no,Không có,https://benhvienlevanviet.vn/,10.8449288,106.7900007,Bệnh viện Lê Văn Việt (Bệnh viện Quận 9 cũ),r,,
b047b1b6,Bệnh viện Quận 10,"571 Sư Vạn Hạnh, Phường 12, Quận 10, Thành phố Hồ Chí Minh, Việt Nam",['Bệnh viện'],Không có,downloaded_images\3b713e0d1a1d11b64d81584e7d3de5a4.jpg,https://lh3.googleusercontent.com/gps-cs-s/AG0ilSx84D4GXtt9dsJ5yDm76Ul0oRUlxqUniomEMLlTkID3oK8K9YipH1_-TKD4XoMMxtSZnPhULTSO0Mi4lDM2_Jz3CcmW_F2ZQ5SC174PQE1yDYwYA8jlrIXet-j8q9wRPRI6ftc4=w1080-h1080-no,Không có,https://facebook.com/BenhVienQuan10/,10.7762318,106.6666796,Bệnh viện Quận 10,r,,
8268144b,Bệnh viện Lãnh Binh Thăng,"72 Đường Số 5 - Cư xá Bình Thới, Phường 8, Quận 11, Thành phố Hồ Chí Minh, Việt Nam",Bệnh viện,+84 932 711 722,downloaded_images\c5781b9557f67c5c92c760d81839ffa9.jpg,https://lh3.googleusercontent.com/gps-cs-s/AG0ilSxKs1o_j2WAPgK2c9mCOc1MM6EDFvlgISW1BHuJdNG9wpj5ZgzF5XlsuR6aCGQwBpYcG_l87NoacSyXQ1kSKOsd43bzkbhgBL6ypJ69DaNmVBlGyyyQe9WOpTp1mZOT2dPwFuw=w1080-h1080-no,Không có,http://benhvienquan11.vn/,10.7605706,106.64812119999999,Bệnh viện Quận 11,r,,
d5aeff85,Bệnh viện Đa khoa Trung Mỹ Tây,"111 Thị Mười, Tân Chánh Hiệp, Quận 12, Thành phố Hồ Chí Minh 700000, Việt Nam",['Bệnh viện'],+84 28 6250 7955,downloaded_images\4a309ae2e10f6c7d127bbc3b3647a419.jpg,https://lh3.googleusercontent.com/gps-cs-s/AG0ilSwlARa9LnRHgDRJAOLeCXItbxHYAwIfH0PmesS2L283zhGPHnE9BtWlLwSvarsqj9NATUU3lcAUTJi6iyq2bfkqHhoeUxGoWj6zR5Fz1xbwc9kSTBq4rRQDUo_waNZeHYGVVnXA=w1080-h1080-no,Không có,https://benhvienquan12.vn/,10.860610999999999,106.6307806,Bệnh viện Quận 12,r,,
f4ae72e7,Bệnh Viện Đa Khoa Tân Bình,"605 Đ. Hoàng Văn Thụ, Phường Tân, sơn nhất, Thành phố Hồ Chí Minh 70000, Việt Nam",['Bệnh viện'],Không có,downloaded_images\57cb74f435887b38063494eedfb7d7bc.jpg,https://lh3.googleusercontent.com/gps-cs-s/AG0ilSxcIGkZQnBWAPnbBk1Msjyj87hxcqufFR6JvlgMM1RuVhZFgOs2CYcU6QPp0QEJGI5QPUiXa4z5ij5lNXUJAzxOY8dqaoGfAO35E4noVO8Ap-qq45bLkL_a-OIPBkA3B9w63BGDPw=w1080-h1080-no,Không có,https://bvtb.org.vn/,10.7945055,106.65498559999999,Bệnh viện Tân Bình,r,,
72840bdd,Bệnh Viện Quận Tân Phú,"611 Đ. Âu Cơ, Phú Trung, Tân Phú, Thành phố Hồ Chí Minh, Việt Nam",Bệnh viện đa khoa,+84 28 5408 8924,downloaded_images\8a3f9b36995c65f81b4d9ba0458c64fc.jpg,https://lh3.googleusercontent.com/gps-cs-s/AG0ilSyfU-4eS8oEumnDCxtEq9NtfzdWbE-29Vz3oiwySq8d6uCvQwi4UIm6_VFnbeHpe-NY-qgzrZlfBOp7gXEUZS0mDIkH1t7FTzyDWQrJAUkN84RWONZ8oCVU3wt7qDgVDr4n35JQ=w1080-h1080-no,Không có,http://benhvientanphu.vn/,10.783638,106.6422004,Bệnh viện Quận Tân Phú,r,,
3631d2cc,Bệnh viện Bình Thạnh,"132 Lê Văn Duyệt, Phường 1, Bình Thạnh, Thành phố Hồ Chí Minh, Việt Nam",['Bệnh viện đa khoa'],+84 28 3510 8966,downloaded_images\e2d7c5c9b930d9defaa6c19aedb4eb80.jpg,https://lh3.googleusercontent.com/gps-cs-s/AG0ilSzwdCnLPxfwhuIV5TE7vDk83Pf5I2XPV193JwKxkMLkzLat8vXucdsg7DPmMD5Vh0FYnPRiFCnOHCovogI6H4UVryMTMIWUxksBLu6_SkAxHm9zJasUnAM1CJtg_CRBPB_TVXDZdQ=w1080-h1080-no,Không có,https://bvbinhthanh.org.vn/khoa,10.7980298,106.6966605,Bệnh viện Quận Bình Thạnh,r,,
b02721fe,Bệnh viện Quận Phú Nhuận,"274 Nguyễn Trọng Tuyển, Phường 8, Phú Nhuận, Thành phố Hồ Chí Minh, Việt Nam",['Bệnh viện'],+84 28 3844 3910,downloaded_images\bf6218fbbbec60c0c728d38e62d86598.jpg,https://lh3.googleusercontent.com/gps-cs-s/AG0ilSzvYcgB7eADA6yaDdCJW1FV2LgY5UkTL4feTICZFeviJNo8gg3jYR74oeS-ywkWAXwwZyBYCAV1Flr3OeAPxxMC5gZFCSqaMfJMB2e5AKr5DLskBsoj1xQDJSRBGRVTk2GXr_RHtQ=w1080-h1080-no,Không có,https://bvquanphunhuan.medinet.gov.vn/,10.798107,106.67182229999999,Bệnh viện Quận Phú Nhuận,r,,
b1fbbe65,Bệnh viện Gò Vấp,"Đ. Quang Trung/641 Thông Tây Hội, Phường, Gò Vấp, Thành phố Hồ Chí Minh, Việt Nam","['Bệnh viện đa khoa', 'Bác sĩ']",+84 28 3589 1799,downloaded_images\8dec652ce7ecba6136af6d67cf40438c.jpg,https://lh3.googleusercontent.com/gps-cs-s/AG0ilSwLBv4vED6rezOXtHTD5VQgdR7K_xQ2uyzl9E2cEdGEeA6OzwHydcfdaowtDJlS2Al07bsJ5jUGgAdUPT86l_icC_k6NnbDYjUm3lxK5ru2zlyklT7c3AqE8yVUe_1BpHJTps3uqmkR0OHR=w1080-h1080-no,Không có,Không có,10.8346486,106.6615499,Bệnh viện Quận Gò Vấp,r,,
5297e8bc,Bệnh viện Đa khoa Bình Tân,"QJ73+86P, 809 HL2, Bình Trị Đông A, Bình Tân, Thành phố Hồ Chí Minh 100000, Việt Nam",['Bệnh viện đa khoa'],+84 28 3754 2955,downloaded_images\224c5baf646c18f77088ebe26c4da45d.jpg,https://lh3.googleusercontent.com/p/AF1QipNjwAO8wRBa1MTqjF-28n2177rmxWjURwxhCw5U=w1080-h1080-no,Không có,http://www.bvbinhtan.vn/,10.7643601,106.6032103,Bệnh viện Quận Bình Tân,r,,
22b5cec6,BỆNH VIỆN ĐA KHOA CỦ CHI,"1307 Tỉnh Lộ 7, ấp Chợ Cũ, Củ Chi, Thành phố Hồ Chí Minh 700000, Việt Nam",['Bệnh viện đa khoa'],+84 837 946 443,downloaded_images\1e739593db8fff23783ad4012168286f.jpg,https://lh3.googleusercontent.com/gps-cs-s/AG0ilSzt2rgNlgp8J2-sGIexd0m5_Fo0fD3RyaZgNKfYdOTvMKSViW9IVhzAP-73-vAjt0M8Vo8xO9WUt4GwJgJKYzgK3q2sLvrfFELadN3I3g4kBWhRs_fAg_GH3z8HD5q9iFRyc8c=w1080-h1080-no,Không có,http://benhvienhuyencuchi.com/,11.0854068,106.50928449999999,Bệnh viện Huyện Củ Chi,r,,
ca33bc9f,Bệnh viện Đa khoa Bình Chánh,"1 Đường Số 1, Khu trung tâm hành chính huyện, Bình Chánh, Thành phố Hồ Chí Minh, Việt Nam",['Bệnh viện'],+84 28 3760 2895,downloaded_images\1be0faedd010670502dccde134ab2dbd.jpg,https://lh3.googleusercontent.com/gps-cs-s/AG0ilSwHCv_2zrr9hCGIvIN4wa925VWHI3z0Qj-nquyIK9dgtokTkx_KymmwI8IEkEY-pBAmHGQKgA8pwYBkMnB796pMPDHeUi2AHhXWiFTQpjcmdu8zzt3l_-w1qwMYHun5vIwTNDp7=w1080-h1080-no,Không có,http://binhchanhhospital.vn/,10.6908806,106.58598269999999,Bệnh viện Huyện Bình Chánh,r,,
3ab75aab,Bệnh viện Đa khoa Nhà Bè,"281A Lê Văn Lương, Ấp 3, Nhà Bè, Thành phố Hồ Chí Minh 70000, Việt Nam",Bệnh viện đa khoa,+84 28 3781 5558,downloaded_images\4298e0734532a43f150a67428cbca410.jpg,https://lh3.googleusercontent.com/gps-cs-s/AG0ilSzZ9fuIJv5NabQhIJjSt-Y7e7l6FNkHGqCimDrEv0inz_ZuNB_x3f-U_EL84hjsYD5e8YkaHXPCVQ3Hg-R_0P3NeN2rrdoMB9NqZ8m8GxF59ZD3HC7K_HPg5zyDqleab5k9BSKs1w=w1080-h1080-no,Không có,http://www.benhviennhabe.vn/,10.7044461,106.704459,Bệnh viện Huyện Nhà Bè,r,,
705fc749,Bệnh viện huyện Cần Giờ,"CW4P+3XP, TT. Cần Thạnh, Cần Giờ, Thành phố Hồ Chí Minh, Việt Nam",Bệnh viện,Không có,Không có,Không có,Không có,Không có,10.4052473,106.9372803,Bệnh viện Huyện Cần Giờ,r,,
fbfe497a,Bệnh viện Đa khoa Khu vực Hóc Môn,"65/2B Bà Triệu, TT. Hóc Môn, Hóc Môn, Thành phố Hồ Chí Minh, Việt Nam",['Bệnh viện đa khoa'],+84 28 3891 4208,downloaded_images\f287d47e42bd279417beef25d1d25dc7.jpg,https://lh3.googleusercontent.com/gps-cs-s/AG0ilSwtgSF36aGNQ9TfIve7Hkmg_gGysMk2KKpSOOSL1CK9FZ5dQUWrdTJWsFQla0CdMll0WUG9iU-dDWI9e7vUUs2iaTxBNUrUTJ-BP-38K-7tk8amHOaRPwJl3V3YYEdsJlblV9ApxQ=w1080-h1080-no,Không có,http://bvdkhocmon.vn/,10.8825665,106.593391,Bệnh viện Huyện Hóc Môn,r,,
45e717fc,Bệnh viện Đa khoa khu vực Thủ Đức,"64 Lê Văn Chí, Phường Linh Trung, Thủ Đức, Thành phố Hồ Chí Minh, Việt Nam",['Bệnh viện đa khoa'],+84 28 3514 1115,downloaded_images\9a1210c3fe722c9df6e80f0be76ac7d5.jpg,https://lh3.googleusercontent.com/gps-cs-s/AG0ilSw5oE56dGs2Qutvj6aHpfhJv8A-nWmlq-n2cABT2OKruRiUZXsoNnOM9O7uJVuttcwQXwBe9Z7LYjPqlTamyIZu2jY0DIcvXzZmKey1Kh96VkyfVnC-xnKWT6bE2BZgKbPZmUY=w1080-h1080-no,Không có,http://www.benhvienkhuvucthuduc.vn/,10.8614915,106.7804391,Bệnh viện Đa khoa Khu vực Thủ Đức,r,,
6e369fa1,Bệnh viện Đa khoa khu vực Củ Chi,"9A Nguyễn Văn Hoài, Ấp Bàu Tre 2, Củ Chi, Thành phố Hồ Chí Minh, Việt Nam",['Bệnh viện đa khoa'],+84 28 3892 0583,downloaded_images\4e35f5bfe02a3d7c1fe00876f9a4d50e.jpg,https://lh3.googleusercontent.com/gps-cs-s/AG0ilSxmOC2NVtqu429tYdPZKxo1MCw6Kml53fadsXayj-fHBSYthAh24HzNrvcPTZb9eN5KNyNYrwY1SxGB8d1fC2MGUI5Zcph-LAwHL3SBXUXa_4kwt6VMNCu0ORl7QGlzkXcmvMA=w1080-h1080-no,Không có,http://bvdkkvcuchi.vn/,10.9757269,106.4770729,Bệnh viện Đa khoa Khu vực Củ Chi,r,,
d2d13275,Bệnh Viện Đa Khoa Thủ Đức,"29 Phú Châu, Tam Phú, Thủ Đức, Thành phố Hồ Chí Minh 70000, Việt Nam","['Bệnh viện', 'Bác sĩ']",+84 966 331 010,downloaded_images\e625fcb71a7507e83a8f67b865faa55a.jpg,https://lh3.googleusercontent.com/gps-cs-s/AG0ilSxzo6jEfeCU9lI-5zH2Y56w8Q3KjoLTalqUwwNrFe7m2kK0wJIYbrwGpDj8IY_S8Far9GeG_eTBPbDUaYdlvIfqczLSoraU5rGy22kANTKYeoDOth2-u609yKBR4SvNfk_eJ7mG=w1080-h1080-no,Không có,https://benhvienthuduc.vn/,10.864435499999999,106.7456897,Bệnh viện TP Thủ Đức,r,,
a419f0a3,Bệnh viện Quân Dân Y Miền Đông,"50 Đ. Lê Văn Việt, Hiệp Phú, Thủ Đức, Thành phố Hồ Chí Minh, Việt Nam",['Bệnh viện quân đội'],+84 28 3730 7125,downloaded_images\718f68f61f96a6dc12df037532bcfc05.jpg,https://lh3.googleusercontent.com/gps-cs-s/AG0ilSyiqpPQn-VXBcvrbP8IJHhP9wuQPOsBr9NgaOa5tTE-zpupqdn9soTG4fbtUfuPZAlPHYJI9R-bHqa0mdgVTlLiiiqFK5uwnugf2OuMkoIigS6-0_81LmGGy6mUg0-HaY4b5_nUQQ=w1080-h1080-no,Không có,http://benhvien7c.com/,10.8459577,106.7784882,Bệnh viện Quân Dân Y Miền Đông,k,,
dfd3362c,Bệnh viện Bưu Điện,"Bệnh viện Bưu Điện 2 Nguyễn Duy Hiệu, Thảo Điền, Thủ Đức, Thành phố Hồ Chí Minh, Việt Nam",Bệnh viện,+84 28 3519 0579,downloaded_images\ad68c36a84226de17f7dd974a4d7852d.jpg,https://lh3.googleusercontent.com/gps-cs-s/AG0ilSz5DRtZY0Rm6BwDut19OKSl93FWsFKD0cY3zKKEcg9tgL-OWdaGtPxPL155GZRf55QcviwN9S3h7MMfYtMv_yta3Iqv8DNzJWKL2HcE2XHYqMivr4dys9j6zgslBxpHsEpXaaGi=w1080-h1080-no,Không có,https://bvdkbuudien.com.vn/,10.802830499999999,106.7373461,Bệnh viện Bưu Điện - Cơ sở 2,r,,
98c6a6af,Bệnh Viện Giao Thông Vận Tải TP.HCM - Phòng Khám Đa khoa 136,"136 Cách Mạng Tháng Tám, Phường 9, Quận 3, Thành phố Hồ Chí Minh, Việt Nam",Bệnh viện,+84 28 2253 5600,downloaded_images\ac607802df28c028e63bb2c7ad2dde46.jpg,https://lh3.googleusercontent.com/p/AF1QipPIoR0DTfdY1JNFBYEeW2Fz8Tul0juyytPg6nv_=w1080-h1080-no,Không có,/url?q=https://bvgiaothongtphcm.vn/&opi=79508299&sa=U&ved=0ahUKEwiDyMXnt86RAxVTKFkFHbJCHIgQ61gIHigR&usg=AOvVaw3x6AXcuftgDZfPIiDUNln0,10.778798799999999,106.68001559999999,Bệnh viện Giao thông Vận tải TP.HCM,r,,
1e3117cb,Bệnh viện FV,"6 Nguyễn Lương Bằng, Phường Tân Mỹ, Quận 7, Thành phố Hồ Chí Minh 70000, Việt Nam","['Bệnh viện đa khoa', 'Bệnh viện tư nhân']",+84 28 3511 3333,downloaded_images\71bd016e011aac9f7177d0e548070d6d.jpg,https://lh3.googleusercontent.com/p/AF1QipNVEBiONgeN5oBk_i7BDdzf58s7Hg4781AlGRfI=w1080-h1080-no,Không có,https://www.fvhospital.com/,10.7325029,106.7180068,Bệnh viện FV (Pháp Việt),,,
24b7df36,Bệnh viện Đa khoa Quốc tế Vinmec Central Park,"208 Nguyễn Hữu Cảnh, Vinhomes Tân Cảng, Bình Thạnh, Thành phố Hồ Chí Minh 700000, Việt Nam","['Bệnh viện đa khoa', 'Bệnh viện']",+84 28 3622 1166,downloaded_images\4a9266b8f6a222798ad5affcc56d332c.jpg,https://lh3.googleusercontent.com/p/AF1QipPpsWyD2gkMktwLEty1zJjTuTkWHkpToRU0itKo=w1080-h1080-no,Không có,https://www.vinmec.com/vie/co-so-y-te/benh-vien-da-khoa-quoc-te-vinmec-central-park-10890-vi-hoi-suc-cap-cuu,10.7939771,106.72034819999999,Bệnh viện Vinmec Central Park,,,
cb1f4fa5,Bệnh viện Đa khoa Quốc tế Hạnh Phúc,"18 Đại lộ Bình Dương, Binh Hoà, Thuận An, Bình Dương, Việt Nam",Bệnh viện,+84 1900 6765,downloaded_images\f932c64a4c5f625ddd6551d5b2e228f1.jpg,https://lh3.googleusercontent.com/p/AF1QipO6xD7_H-yQOQ1i5khDH4PvyVlSBuC-7zEc7NMR=w1080-h1080-no,Không có,https://www.hanhphuchospital.com/,10.868258899999999,106.71446309999999,Bệnh viện Đa khoa Quốc tế Hạnh Phúc,,,
2a6de565,Bệnh viện Đa Khoa Hoàn Mỹ Sài Gòn,"60-60A Phan Xích Long, Phường 1, Phú Nhuận, Thành phố Hồ Chí Minh, Việt Nam","['Bệnh viện đa khoa', 'Bệnh viện', 'Bệnh viện tư nhân']",+84 28 3990 2468,downloaded_images\3e98bf635958bd571aff0117ab4c2902.jpg,https://lh3.googleusercontent.com/gps-cs-s/AG0ilSygRR3tYbBl4tPHO-4qYoqfryIlm03e11G0dTpLLesLZndWzNdG8TWw0sOlD4N2RLq6hsrg_CdiVo9pMv26-UXjWrJ8mgRKtk-vJbRgbDyN8_thito7WH7pcEtUekY0LrI16HGe=w1080-h1080-no,Không có,https://hoanmy.com/saigon/,10.800128599999999,106.684241,Bệnh viện Hoàn Mỹ Sài Gòn,,,
9f2a25d2,Bệnh viện Đa khoa Tâm Anh,"RM38+5R4, 2B Đ. Phổ Quang, Phường 2, Tân Bình, Thành phố Hồ Chí Minh 700000, Việt Nam",['Bệnh viện đa khoa'],+84 28 7102 6789,downloaded_images\3d6c219c74b63393ad4faa1769f898d6.jpg,https://lh3.googleusercontent.com/gps-cs-s/AG0ilSztogj3Au56Lk-8B52byceQJQcZYnmFqn6WQPlRInxvAfJuDkLgkmoIgNeJ2xqwD2tXhxiZNjNu1iF504ThaYkHluWZf7lu8PTu9dCxLb7XV8B6efFelvlFERd2z6RkiCPeY7oa6Q=w1080-h1080-no,Không có,https://tamanhhospital.vn/,10.802484999999999,106.6660436,Bệnh viện Đa khoa Tâm Anh TP.HCM,,,
40bc4a37,Bệnh viện đa khoa Xuyên Á,"42 QL22, ấp Chợ, Củ Chi, Thành phố Hồ Chí Minh, Việt Nam",['Bệnh viện đa khoa'],+84 1800 9075,downloaded_images\2241165a56a1ca8e45a05c11a94ed34b.jpg,https://lh3.googleusercontent.com/p/AF1QipNfNPtHvONrTPu4LIFqeTpHhY2A8DJtKJizQjZq=w1080-h1080-no,Không có,http://www.bvxuyena.com.vn/,10.928019599999999,106.55815919999999,Bệnh viện Đa khoa Xuyên Á,,,
9bfdfc9e,Bệnh Viện Đa Khoa Quốc Tế Nam Sài Gòn,"88 Đường Số 8, Khu dân cư Trung Sơn, Bình Chánh, Thành phố Hồ Chí Minh, Việt Nam",['Bệnh viện đa khoa'],+84 1800 6767,downloaded_images\198f9293982a973e285e0335bc20c10b.jpg,https://lh3.googleusercontent.com/p/AF1QipPbSxA0z7jd0FbR8OQoncsSopFNtW6_HXe5QpRG=w1080-h1080-no,Không có,/url?q=https://benhviennamsaigon.com/&opi=79508299&sa=U&ved=0ahUKEwje_tX2t86RAxUaQzABHa1lFYQQ61gIFygS&usg=AOvVaw2pl_Wmrh87xVub2zkpemfO,10.735866099999999,106.69086709999999,Bệnh viện Đa khoa Quốc tế Nam Sài Gòn,,,
a449489d,Bệnh viện Quốc tế City,"3 Đường Số 17A, Bình Trị Đông B, Bình Tân, Thành phố Hồ Chí Minh 700000, Việt Nam","['Bệnh viện đa khoa', 'Bác sĩ', 'Bệnh viện tư nhân']",+84 1900 8146,downloaded_images\c4cdbced0566eac4ca7b4e3c5978266a.jpg,https://lh3.googleusercontent.com/p/AF1QipPj6Ygs46jmUXWem1gg3-WTxsH3jKpyZjUIrYDj=w1080-h1080-no,Không có,https://cih.com.vn/,10.7410166,106.60912499999999,Bệnh viện Quốc tế City,,,
8c15c341,Bệnh viện An Sinh,"10 Đ. Trần Huy Liệu, P, Phú Nhuận, Thành phố Hồ Chí Minh, Việt Nam",['Bệnh viện đa khoa'],+84 28 3845 7777,downloaded_images\488b9035e6f7246d014dd462ba0db6af.jpg,https://lh3.googleusercontent.com/p/AF1QipNV00X9UdiXOyeFR-aC_qIWF-0NggmkTxXfjgVG=w1080-h1080-no,Không có,http://www.ansinh.com.vn/,10.7913068,106.6784508,Bệnh viện An Sinh,,,
b748905f,Bệnh viện Triều An,"425 Đ. Kinh Dương Vương, An Lạc, Bình Tân, Thành phố Hồ Chí Minh 71906, Việt Nam",Bệnh viện,+84 28 3750 8888,downloaded_images\4a22c9ab0e784045df38c62451d11671.jpg,https://lh3.googleusercontent.com/p/AF1QipO-1sUgdqQg9DupX5w8y6DvuR45qWYhNEiV8y8J=w1080-h1080-no,Không có,https://trieuanhospital.vn/,10.7390823,106.61715729999999,Bệnh viện Triều An,,,
b58d74e6,Bệnh viện Đa khoa Mỹ Đức,"4 Đ. Núi Thành, Phường Tân Bình, Tân Bình, Thành phố Hồ Chí Minh 70000, Việt Nam",Bệnh viện đa khoa,+84 28 7308 5885,downloaded_images\ed34859eb82d0a09fae0346bec21ac3d.jpg,https://lh3.googleusercontent.com/gps-cs-s/AG0ilSxuTBTXc9AJkGECp99qisIPCQUBiaJ2SmV5oIKMYHdMniGiuX-kdZxVV2cSs1mCiXMYoS4M7DqCjZrF0gD550pu3cYP97UEHKphreIjSnBDaUFqfZ0SRm8_zY6OGIA_8KYDmYA=w1080-h1080-no,Không có,http://myduchospital.vn/,10.7999169,106.6415827,Bệnh viện Mỹ Đức,,,
5eee5e6f,Bệnh viện phụ sản Quốc Tế Sài Gòn,"63 Bùi Thị Xuân, Phường Phạm Ngũ Lão, Quận 1, Thành phố Hồ Chí Minh 700000, Việt Nam",['Bệnh viện phụ sản'],+84 899 909 268,downloaded_images\21ef3722eb6f08fdaec57f3b8468496a.jpg,https://lh3.googleusercontent.com/p/AF1QipNHiuWP7s3BBj68jehR_F7LYZaa26_frAvm07zV=w1080-h1080-no,Không có,/url?q=https://www.sihospital.com.vn/&opi=79508299&sa=U&ved=0ahUKEwibsrb_t86RAxX_BEQIHZ0QMvUQ61gIFygS&usg=AOvVaw1L-_gtqpFMcPk0o5dFbc65,10.7697542,106.68860289999999,Bệnh viện Phụ sản Quốc tế Sài Gòn,,,
a6df8434,Mắt Sài Gòn Lê Thị Riêng,"100 Lê Thị Riêng, Phường Bến Thành, Quận 1, Thành phố Hồ Chí Minh 700000, Việt Nam",['Trung tâm chăm sóc mắt'],+84 949 678 080,downloaded_images\945116698cab4cd1165e6d884384589b.jpg,https://lh3.googleusercontent.com/gps-cs-s/AG0ilSwmK7t6SfflcGpzdxdFRq3zABoJNo-ktgvTiZsXccgW-48_gixkPbEf5yERpOh_ZIv9eNEOKrWiu0INNtdTXKOS0Cmfvvm1FRGjPwpIuPNhYhGodvUTv0RzQDnDEZGd3m9eZz_E=w1080-h1080-no,Không có,/url?q=https://matsaigonlethirieng.com/&opi=79508299&sa=U&ved=0ahUKEwiCsLK8uc6RAxWZ1fACHfINK-0Q61gIFygS&usg=AOvVaw0B4BhegKy9XrtC9Wu5zPL6,10.7713042,106.6909857,Bệnh viện Mắt Sài Gòn Lê Thị Riêng,,,
9f1eaba5,Mắt Sài Gòn Cách Mạng Tháng Tám,"473 Cách Mạng Tháng Tám, Phường Hòa Hưng, Quận 10, Thành phố Hồ Chí Minh 700000, Việt Nam",['Bệnh viện chuyên khoa'],+84 966 231 010,downloaded_images\2fe30981240330c1975dd977caf00a0e.jpg,https://lh3.googleusercontent.com/p/AF1QipOWhQWDdjq8fJ9pVE-dRWZWIPQLLVYsheMzaYYI=w1080-h1080-no,Không có,https://dakhoamatsaigon.com/,10.781686599999999,106.6738809,Bệnh viện Mắt Sài Gòn Cách Mạng Tháng 8,,,
7d9da2bf,Bệnh viện Răng Hàm Mặt Trung ương Thành phố Hồ Chí Minh,"201A Nguyễn Chí Thanh, Phường 12, Quận 5, Thành phố Hồ Chí Minh 70000, Việt Nam",Bệnh viện chuyên khoa,+84 28 3855 6732,downloaded_images\cda04f6851fab652049c08b0971c6a20.jpg,https://lh3.googleusercontent.com/p/AF1QipMimm_pYcBY13I9eauM8Kb6f4T5nPSyJNlWkkLv=w1080-h1080-no,Không có,http://benhvienranghammat.vn/,10.7579557,106.6605166,Bệnh viện Răng Hàm Mặt Sài Gòn,,,
c9d03676,Bệnh Viện JW Hàn Quốc,"50 Tôn Thất Tùng, Phường Phạm Ngũ Lão, Quận 1, Thành phố Hồ Chí Minh 700000, Việt Nam",Bệnh viện chuyên khoa,+84 968 681 111,downloaded_images\4771deaab06e8aa6d6e7b5f391c195f9.jpg,https://lh3.googleusercontent.com/p/AF1QipPs8q9-LqU6XQtQQfocNVfXe9OfGq1xsOH0dKER=w1080-h1080-no,Không có,https://benhvienjw.vn/,10.7695502,106.6891521,Bệnh viện Thẩm mỹ JW Hàn Quốc,,,
e2d37178,Bệnh Viện Thẩm Mỹ Kangnam Hàn Quốc,"666 Cách Mạng Tháng Tám, Phường 11, Tân Bình, Thành phố Hồ Chí Minh, Việt Nam",Thẩm mỹ viện,+84 968 999 777,downloaded_images\610e3ba200987aa1f7c289c6a181ffed.jpg,https://lh3.googleusercontent.com/gps-cs-s/AG0ilSxi-TPZx8n8iJUDpANzjd5H4MraucF0Vrh75nZcm0OoJyM_ShnuaKC5BQUCVsbwAUndHmUHMoFMaTQrI8ZiyHd69ri_UwwUWAi8Ybq02ASbq7eFv0DV88DAOAe_A0fsZ2GaWRBxzQ=w1080-h1080-no,Không có,https://benhvienthammykangnam.com.vn/uu-dai/,10.7872112,106.66432119999999,Bệnh viện Thẩm mỹ Kangnam,,,
60340c42,Bệnh viện STO Phương Đông,"79 Đ. Thành Thái, Phường Diên Hồng, Quận 10, Thành phố Hồ Chí Minh, Việt Nam",['Bệnh viện'],+84 28 3868 6386,downloaded_images\507cff23535f7b11a136e112b138d4a4.jpg,https://lh3.googleusercontent.com/gps-cs-s/AG0ilSw-qyEvj9LhWU_xcFQ1GxuUgJlNa6wOZx8cFYFLSeS5hX3a2-qKSDW9z0dJ_BY4Hw_h9siJV3rcaXjGQLqzbt_LVYBtoVAJJu-ZmXdcVwQkuKEClx3pQAfeOpFMaT3Cjgy56c8-=w1080-h1080-no,Không có,Không có,10.7731926,106.6644797,Bệnh viện STO Phương Đông,,,
deb1d98e,Bệnh viện Đa Khoa Hồng Đức II,"259 An Phú Đông 3, An Phú Đông, Quận 12, Thành phố Hồ Chí Minh, Việt Nam",Bệnh viện,+84 28 8886 9999,downloaded_images\5be6b7e5138d890f25f6bbe6df2f6bef.jpg,https://lh3.googleusercontent.com/gps-cs-s/AG0ilSyr6HVf8zY3HnINHs6njqGGtQhRIBhi8a6JiXUA7jmKzlG5HZHc0qEC8w4tW6LsfRbU1YVe54hqSnfld8Nlfsfs4aciKAaodq1mUP4qBDc875P80oqT5pfGnYZDGBo9A1uu7ipalQ=w1080-h1080-no,Không có,https://bvhongduc.vn/,10.8533049,106.70429279999999,Bệnh viện Đa khoa Hồng Đức Cơ sở 1,,,
753302da,Bệnh Viện Đa Khoa Hồng Đức III,"32/2 Đ. Thống Nhất, Phường 10, Gò Vấp, Thành phố Hồ Chí Minh, Việt Nam",Bệnh viện đa khoa,+84 28 3996 9999,downloaded_images\ca4e911d453d19c90e73a7b781fa07d5.jpg,https://lh3.googleusercontent.com/gps-cs-s/AG0ilSzUyVYWVNPJm4O0em6MS2G_i5R_fcZUu_hhvY3O59AjEJJQCSuaKPd_8Z76ajwUj-JRI0EFVzW18tyw4ODhntp3YrPh3pNc-t4UQSzM-rbA_uVRq4blef1WCNsspbUCxqAMKhdT=w1080-h1080-no,Không có,http://www.hongduchospital.vn/,10.833058999999999,106.66453709999999,Bệnh viện Đa khoa Hồng Đức Cơ sở 3,,,
0e4aa854,Bệnh viện Đa khoa Vạn Hạnh,"B1-B3-B5, Hẻm 781 Lê Hồng Phong, Phường 12, Quận 10, Thành phố Hồ Chí Minh, Việt Nam",['Bệnh viện'],+84 28 3863 2553,downloaded_images\63f3aff3991e1c1233fe3f87cecd8fea.jpg,https://lh3.googleusercontent.com/p/AF1QipMze-F7bYrl0pxufFNxhYfOHudXNEtSwpFlHQkt=w1080-h1080-no,Không có,http://benhvienvanhanh.vn/,10.771797099999999,106.6713769,Bệnh viện Đa khoa Vạn Hạnh,,,
