timestamp,query,urgency,reasoning
2025-12-22T23:33:26.717748,Age: 32. Symptoms: My child has high fever (39.5C) and convulsions. History: .,HIGH,
2025-12-23T08:09:03.414346,Age: 32. Symptoms: My child has high fever (39.5C) and convulsions. History: .,HIGH,
2025-12-24T09:13:58.832174,Age: 32. Symptoms: My child has high fever (39.5C) and convulsions. History: .,HIGH,
2025-12-24T10:56:56.388345,Age: 0. Symptoms: . History: .,LOW,
2025-12-24T10:57:32.120886,Age: 0. Symptoms: . History: .,HIGH,
2025-12-24T10:59:39.396163,Age: 0. Symptoms: . History: .,HIGH,
2025-12-24T11:00:27.280539,"Age: 0. Symptoms: Headache, Cough, Fever. History: .",HIGH,
2025-12-24T11:02:39.612902,Age: 0. Symptoms: . History: .,HIGH,
2025-12-24T11:27:22.468884,"Age: 0. Symptoms: Fever, Cough. History: .",HIGH,
2025-12-24T11:32:33.947241,Age: 19. Symptoms: eye checkup. History: .,LOW,
2025-12-25T14:09:10.600975,"Age: 19. Symptoms: Fever, Headache, Cough. History: .",HIGH,
2025-12-25T14:24:06.382241,Age: 19. Symptoms: nguy cấp người dùng chưa kịp ghi gì. History: .,HIGH,
2025-12-25T15:05:05.677164,"Age: 19. Symptoms: I have a sudden high fever and chills. My whole body aches, especially my back and legs. I have a dry cough, a sore throat, and I feel extremely fatigued/tired. History: .",HIGH,
2025-12-25T15:09:48.656849,"Age: 19. Symptoms: I have a sudden high fever and chills. My whole body aches, especially my back and legs. I have a dry cough, a sore throat, and I feel extremely fatigued/tired. History: .",HIGH,
2025-12-25T15:25:24.798138,"Age: 19. Symptoms: , Cough, Headache. History: .",LOW,
2025-12-25T15:27:49.068153,"Age: 19. Symptoms: I have a sudden high fever and chills. My whole body aches, especially my back and legs. I have a dry cough, a sore throat, and I feel extremely fatigued/tired. History: .",HIGH,
2025-12-25T15:33:11.159882,"Age: 19. Symptoms: Cough, Cough. History: .",LOW,
2025-12-25T15:47:13.594104,"Age: 19. Symptoms: Fever, Fever. History: .",MEDIUM,
